﻿<?xml version="1.0" encoding="utf-8"?>
<publishData>
  <publishProfile publishUrl="F:\Huc\Stand" deleteExistingFiles="True" ftpAnonymousLogin="False" ftpPassiveMode="True" msdeploySite="" msdeploySiteID="" msdeployRemoteSitePhysicalPath="" msdeployAllowUntrustedCertificate="False" msdeploySkipExtraFilesOnServer="True" msdeployMarkAsApp="False" profileName="配置文件1" publishMethod="FileSystem" replaceMatchingFiles="False" userName="" savePWD="False" userPWD="" SelectedForPublish="True">
    <file relUrl="Default.aspx" publishTime="03/17/2015 17:00:58" />
    <file relUrl="LigerUI/skins/icons/true.gif" publishTime="03/17/2015 10:20:30" />
    <file relUrl="LigerUI/skins/icons/search.gif" publishTime="03/17/2015 10:20:30" />
    <file relUrl="SearchTransaction.aspx" publishTime="03/19/2015 09:29:23" />
    <file relUrl="LigerUI/skins/images/form/verify-corner.gif" publishTime="03/17/2015 10:20:30" />
    <file relUrl="LigerUI/skins/icons/greenwarn.gif" publishTime="03/17/2015 10:20:30" />
    <file relUrl="LigerUI/skins/icons/cut.gif" publishTime="03/17/2015 10:20:30" />
    <file relUrl="Scripts/SearchTransacion.js" publishTime="03/20/2015 09:44:37" />
    <file relUrl="LigerUI/skins/images/win/box-icons.gif" publishTime="03/17/2015 10:20:30" />
    <file relUrl="LigerUI/skins/images/grid/grid-detail-close.gif" publishTime="03/17/2015 10:20:30" />
    <file relUrl="Handler/PaymentRequest.ashx" publishTime="03/14/2015 08:30:46" />
    <file relUrl="LigerUI/skins/icons/attibutes.gif" publishTime="03/17/2015 10:20:30" />
    <file relUrl="LigerUI/skins/images/icon/icon-last.gif" publishTime="03/17/2015 10:20:30" />
    <file relUrl="LigerUI/js/ligerDrag.js" publishTime="03/17/2015 10:20:30" />
    <file relUrl="LigerUI/skins/images/grid/popup-line.gif" publishTime="03/17/2015 10:20:30" />
    <file relUrl="Web.config" publishTime="03/20/2015 10:18:51" />
    <file relUrl="LigerUI/skins/icons/ok.gif" publishTime="03/17/2015 10:20:30" />
    <file relUrl="LigerUI/skins/images/icon/icon-first.gif" publishTime="03/17/2015 10:20:30" />
    <file relUrl="bin/Demo.dll" publishTime="03/19/2015 09:27:36" />
    <file relUrl="bin/FirstDataPayment.pdb" publishTime="03/19/2015 09:14:22" />
    <file relUrl="LigerUI/skins/css/ligerui-all.css" publishTime="03/17/2015 10:20:30" />
    <file relUrl="LigerUI/skins/css/ligerui-layout.css" publishTime="03/17/2015 10:20:30" />
    <file relUrl="LigerUI/skins/icons/coffee.gif" publishTime="03/17/2015 10:20:30" />
    <file relUrl="LigerUI/skins/icons/mailbox.gif" publishTime="03/17/2015 10:20:30" />
    <file relUrl="LigerUI/skins/icons/config.gif" publishTime="03/17/2015 10:20:30" />
    <file relUrl="Global.asax" publishTime="03/14/2015 08:02:50" />
    <file relUrl="LigerUI/js/ligerTextBox.js" publishTime="03/17/2015 10:20:30" />
    <file relUrl="LigerUI/js/ligerDialog.js" publishTime="03/17/2015 10:20:30" />
    <file relUrl="LigerUI/skins/images/icon/icon-up.gif" publishTime="03/17/2015 10:20:30" />
    <file relUrl="LigerUI/skins/images/icon/icon-line.gif" publishTime="03/17/2015 10:20:30" />
    <file relUrl="LigerUI/skins/images/win/taskbar.png" publishTime="03/17/2015 10:20:30" />
    <file relUrl="LigerUI/skins/css/ligerui-dialog.css" publishTime="03/17/2015 10:20:30" />
    <file relUrl="LigerUI/skins/images/common/drop-icons.gif" publishTime="03/17/2015 10:20:30" />
    <file relUrl="Scripts/DataSource.js" publishTime="03/17/2015 12:29:27" />
    <file relUrl="LigerUI/skins/images/icon/icon-sort-desc.gif" publishTime="03/17/2015 10:20:30" />
    <file relUrl="LigerUI/skins/images/win/box.gif" publishTime="03/17/2015 10:20:30" />
    <file relUrl="LigerUI/skins/images/icon/icon-next.gif" publishTime="03/17/2015 10:20:30" />
    <file relUrl="LigerUI/skins/icons/add.gif" publishTime="03/17/2015 10:20:30" />
    <file relUrl="LigerUI/skins/icons/back.gif" publishTime="03/17/2015 10:20:30" />
    <file relUrl="LigerUI/skins/images/icon/icon-load.gif" publishTime="03/17/2015 10:20:30" />
    <file relUrl="LigerUI/skins/icons/photograph.gif" publishTime="03/17/2015 10:20:30" />
    <file relUrl="LigerUI/skins/images/icon/icon-prev.gif" publishTime="03/17/2015 10:20:30" />
    <file relUrl="LigerUI/js/ligerGrid.js" publishTime="03/17/2015 10:20:30" />
    <file relUrl="LigerUI/skins/images/grid/grid-detail-open.gif" publishTime="03/17/2015 10:20:30" />
    <file relUrl="LigerUI/skins/css/ligerui-grid.css" publishTime="03/17/2015 10:20:30" />
    <file relUrl="LigerUI/skins/icons/process.gif" publishTime="03/17/2015 10:20:30" />
    <file relUrl="LigerUI/skins/icons/prev.gif" publishTime="03/17/2015 10:20:30" />
    <file relUrl="LigerUI/skins/icons/edit.gif" publishTime="03/17/2015 10:20:30" />
    <file relUrl="LigerUI/skins/images/grid/header-bg.gif" publishTime="03/17/2015 10:20:30" />
    <file relUrl="Scripts/payeezy.js" publishTime="03/14/2015 09:05:43" />
    <file relUrl="LigerUI/skins/icons/msn.gif" publishTime="03/17/2015 10:20:30" />
    <file relUrl="LigerUI/skins/images/icon/checkbox-checked.gif" publishTime="03/17/2015 10:20:30" />
    <file relUrl="LigerUI/skins/icons/bluebook.gif" publishTime="03/17/2015 10:20:30" />
    <file relUrl="LigerUI/skins/icons/pager.gif" publishTime="03/17/2015 10:20:30" />
    <file relUrl="LigerUI/skins/images/win/taskbar.gif" publishTime="03/17/2015 10:20:30" />
    <file relUrl="LigerUI/skins/images/icon/icon-drop.gif" publishTime="03/17/2015 10:20:30" />
    <file relUrl="LigerUI/skins/icons/communication.gif" publishTime="03/17/2015 10:20:30" />
    <file relUrl="LigerUI/js/ligerComboBox.js" publishTime="03/17/2015 10:20:30" />
    <file relUrl="Handler/SearchEvent.ashx" publishTime="03/17/2015 10:45:39" />
    <file relUrl="App_Code/BaseHandler.cs" publishTime="03/17/2015 10:52:06" />
    <file relUrl="LigerUI/js/ligerSpinner.js" publishTime="03/17/2015 10:20:30" />
    <file relUrl="LigerUI/skins/icons/customers.gif" publishTime="03/17/2015 10:20:30" />
    <file relUrl="LigerUI/skins/icons/graywarn.gif" publishTime="03/17/2015 10:20:30" />
    <file relUrl="LigerUI/skins/icons/save-disabled.gif" publishTime="03/17/2015 10:20:30" />
    <file relUrl="Scripts/jquery-1.8.3.min.js" publishTime="03/14/2015 09:05:43" />
    <file relUrl="LigerUI/skins/icons/search2.gif" publishTime="03/17/2015 10:20:30" />
    <file relUrl="LigerUI/skins/images/icon/checkbox.gif" publishTime="03/17/2015 10:20:30" />
    <file relUrl="LigerUI/skins/icons/outbox.gif" publishTime="03/17/2015 10:20:30" />
    <file relUrl="LigerUI/skins/icons/print.gif" publishTime="03/17/2015 10:20:30" />
    <file relUrl="LigerUI/skins/images/icon/icon-down.gif" publishTime="03/17/2015 10:20:30" />
    <file relUrl="LigerUI/skins/icons/calendar.gif" publishTime="03/17/2015 10:20:30" />
    <file relUrl="LigerUI/skins/icons/logout.gif" publishTime="03/17/2015 10:20:30" />
    <file relUrl="LigerUI/skins/icons/database.gif" publishTime="03/17/2015 10:20:30" />
    <file relUrl="Scripts/PayeezyPayment.js" publishTime="03/17/2015 16:31:59" />
    <file relUrl="LigerUI/skins/icons/up.gif" publishTime="03/17/2015 10:20:30" />
    <file relUrl="LigerUI/skins/images/grid/header2-bg.jpg" publishTime="03/17/2015 10:20:30" />
    <file relUrl="LigerUI/skins/icons/refresh.gif" publishTime="03/17/2015 10:20:30" />
    <file relUrl="LigerUI/skins/icons/bookpen.gif" publishTime="03/17/2015 10:20:30" />
    <file relUrl="LigerUI/skins/icons/right.gif" publishTime="03/17/2015 10:20:30" />
    <file relUrl="bin/FirstDataPayment.dll" publishTime="03/19/2015 09:14:22" />
    <file relUrl="LigerUI/skins/images/win/taskicon.gif" publishTime="03/17/2015 10:20:30" />
    <file relUrl="LigerUI/skins/icons/busy.gif" publishTime="03/17/2015 10:20:30" />
    <file relUrl="LigerUI/skins/css/ligerui-tab.css" publishTime="03/17/2015 10:20:30" />
    <file relUrl="LigerUI/skins/css/ligerui-form.css" publishTime="03/17/2015 10:20:30" />
    <file relUrl="LigerUI/skins/icons/candle.gif" publishTime="03/17/2015 10:20:30" />
    <file relUrl="LigerUI/skins/icons/role.gif" publishTime="03/17/2015 10:20:30" />
    <file relUrl="bin/Newtonsoft.Json.dll" publishTime="12/18/2014 15:41:59" />
    <file relUrl="LigerUI/skins/images/win/dialog-icons.gif" publishTime="03/17/2015 10:20:30" />
    <file relUrl="LigerUI/skins/icons/modify.gif" publishTime="03/17/2015 10:20:30" />
    <file relUrl="LigerUI/skins/icons/comment.gif" publishTime="03/17/2015 10:20:30" />
    <file relUrl="LigerUI/skins/images/win/dialog-bc.gif" publishTime="03/17/2015 10:20:30" />
    <file relUrl="LigerUI/skins/icons/memeber.gif" publishTime="03/17/2015 10:20:30" />
    <file relUrl="LigerUI/skins/images/win/taskbar-task.gif" publishTime="03/17/2015 10:20:30" />
    <file relUrl="LigerUI/skins/images/icon/icon-close.gif" publishTime="03/17/2015 10:20:30" />
    <file relUrl="LigerUI/skins/images/grid/grid-checkbox.gif" publishTime="03/17/2015 10:20:30" />
    <file relUrl="LigerUI/skins/icons/help.gif" publishTime="03/17/2015 10:20:30" />
    <file relUrl="LigerUI/skins/images/grid/grid-checkbox-checked.gif" publishTime="03/17/2015 10:20:30" />
    <file relUrl="LigerUI/skins/images/icon/icon-edited.gif" publishTime="03/17/2015 10:20:30" />
    <file relUrl="LigerUI/skins/images/icon/icon-close-over.gif" publishTime="03/17/2015 10:20:30" />
    <file relUrl="bin/Demo.pdb" publishTime="03/19/2015 09:27:36" />
    <file relUrl="LigerUI/skins/images/win/dialog.gif" publishTime="03/17/2015 10:20:30" />
    <file relUrl="LigerUI/skins/icons/lock.gif" publishTime="03/17/2015 10:20:30" />
    <file relUrl="LigerUI/js/base.js" publishTime="03/17/2015 10:20:30" />
    <file relUrl="LigerUI/skins/icons/save.gif" publishTime="03/17/2015 10:20:30" />
    <file relUrl="LigerUI/skins/images/grid/grid-tree-open.gif" publishTime="03/17/2015 10:20:30" />
    <file relUrl="LigerUI/skins/images/common/loading.gif" publishTime="03/17/2015 10:20:30" />
    <file relUrl="LigerUI/skins/icons/plus.gif" publishTime="03/17/2015 10:20:30" />
    <file relUrl="LigerUI/skins/images/grid/grid-tree-close.gif" publishTime="03/17/2015 10:20:30" />
    <file relUrl="LigerUI/js/ligerResizable.js" publishTime="03/17/2015 10:20:30" />
    <file relUrl="LigerUI/skins/images/grid/popup-row-over.gif" publishTime="03/17/2015 10:20:30" />
    <file relUrl="LigerUI/skins/images/win/dialog-winbtns.gif" publishTime="03/17/2015 10:20:30" />
    <file relUrl="LigerUI/skins/icons/delete.gif" publishTime="03/17/2015 10:20:30" />
    <file relUrl="LigerUI/skins/icons/discuss.gif" publishTime="03/17/2015 10:20:30" />
    <file relUrl="LigerUI/skins/icons/archives.gif" publishTime="03/17/2015 10:20:30" />
    <file relUrl="LigerUI/skins/icons/myaccount.gif" publishTime="03/17/2015 10:20:30" />
    <file relUrl="LigerUI/skins/images/grid/header-bg-over.gif" publishTime="03/17/2015 10:20:30" />
    <file relUrl="LigerUI/skins/images/icon/bar-button-over.gif" publishTime="03/17/2015 10:20:30" />
    <file relUrl="LigerUI/skins/images/icon/icon-sort-asc.gif" publishTime="03/17/2015 10:20:30" />
    <file relUrl="LigerUI/skins/css/ligerui-tree.css" publishTime="03/17/2015 10:20:30" />
    <file relUrl="LigerUI/skins/icons/settings.gif" publishTime="03/17/2015 10:20:30" />
    <file relUrl="LigerUI/skins/icons/qq.gif" publishTime="03/17/2015 10:20:30" />
    <file relUrl="LigerUI/skins/css/ligerui-common.css" publishTime="03/17/2015 10:20:30" />
    <file relUrl="LigerUI/skins/css/ligerui-menu.css" publishTime="03/17/2015 10:20:30" />
    <file relUrl="LigerUI/skins/icons/home.gif" publishTime="03/17/2015 10:20:30" />
    <file relUrl="LigerUI/skins/images/win/dialog-tc.gif" publishTime="03/17/2015 10:20:30" />
  </publishProfile>
</publishData>